clip_id,file_path,category,ground_truth_decision,ground_truth_reason
5CNS_gaH16c_s0000653218_e0000658270,L:\FPT\Side project\Capstone\resources\VN-AV-DF-Capstone\data\manifests\dataset_v1\reviews\exports\clips\nguyenlamanh\5CNS_gaH16c_s0000653218_e0000658270.mp4,clean_single_speaker,keep,
5QPu-wDmeTA_s0000127394_e0000129854,L:\FPT\Side project\Capstone\resources\VN-AV-DF-Capstone\data\manifests\dataset_v1\reviews\exports\clips\nguyenlamanh\5QPu-wDmeTA_s0000127394_e0000129854.mp4,clean_single_speaker,keep,
5CNS_gaH16c_s0000187554_e0000189918,L:\FPT\Side project\Capstone\resources\VN-AV-DF-Capstone\data\manifests\dataset_v1\reviews\exports\clips\nguyenlamanh\5CNS_gaH16c_s0000187554_e0000189918.mp4,clean_single_speaker,keep,
WgzSaOvFKrc_s0000654210_e0000657278,L:\FPT\Side project\Capstone\resources\VN-AV-DF-Capstone\data\manifests\dataset_v1\reviews\exports\clips\nguyenlamanh\WgzSaOvFKrc_s0000654210_e0000657278.mp4,clean_single_speaker,keep,
gof2bUJhK3Y_s0000775266_e0000780766,L:\FPT\Side project\Capstone\resources\VN-AV-DF-Capstone\data\manifests\dataset_v1\reviews\exports\clips\nguyenlamanh\gof2bUJhK3Y_s0000775266_e0000780766.mp4,clean_single_speaker,keep,
xo3VtrivRjk_s0000361410_e0000364190,L:\FPT\Side project\Capstone\resources\VN-AV-DF-Capstone\data\manifests\dataset_v1\reviews\exports\clips\nguyenlamanh\xo3VtrivRjk_s0000361410_e0000364190.mp4,clean_single_speaker,keep,
gTTtVb-Q31w_s0000344354_e0000347006,L:\FPT\Side project\Capstone\resources\VN-AV-DF-Capstone\data\manifests\dataset_v1\reviews\exports\clips\nguyenlamanh\gTTtVb-Q31w_s0000344354_e0000347006.mp4,clean_single_speaker,keep,
0cHIyeLFYOk_s0000792482_e0000797482,L:\FPT\Side project\Capstone\resources\VN-AV-DF-Capstone\data\manifests\dataset_v1\reviews\exports\clips\nguyenlamanh\0cHIyeLFYOk_s0000792482_e0000797482.mp4,clean_single_speaker,keep,
gof2bUJhK3Y_s0000755298_e0000760094,L:\FPT\Side project\Capstone\resources\VN-AV-DF-Capstone\data\manifests\dataset_v1\reviews\exports\clips\nguyenlamanh\gof2bUJhK3Y_s0000755298_e0000760094.mp4,clean_single_speaker,keep,
71HzPcvxNJM_s0000012898_e0000015518,L:\FPT\Side project\Capstone\resources\VN-AV-DF-Capstone\data\manifests\dataset_v1\reviews\exports\clips\nguyenlamanh\71HzPcvxNJM_s0000012898_e0000015518.mp4,clean_single_speaker,keep,
gTTtVb-Q31w_s0000697538_e0000701982,L:\FPT\Side project\Capstone\resources\VN-AV-DF-Capstone\data\manifests\dataset_v1\reviews\exports\clips\nguyenlamanh\gTTtVb-Q31w_s0000697538_e0000701982.mp4,clean_single_speaker,keep,
5QPu-wDmeTA_s0000144610_e0000149246,L:\FPT\Side project\Capstone\resources\VN-AV-DF-Capstone\data\manifests\dataset_v1\reviews\exports\clips\nguyenlamanh\5QPu-wDmeTA_s0000144610_e0000149246.mp4,clean_single_speaker,keep,
j60KF89vXkg_s0000405250_e0000410302,L:\FPT\Side project\Capstone\resources\VN-AV-DF-Capstone\data\manifests\dataset_v1\reviews\exports\clips\nguyenlamanh\j60KF89vXkg_s0000405250_e0000410302.mp4,clean_single_speaker,keep,
2fqXC4RQyOw_s0000017506_e0000020254,L:\FPT\Side project\Capstone\resources\VN-AV-DF-Capstone\data\manifests\dataset_v1\reviews\exports\clips\nguyenlamanh\2fqXC4RQyOw_s0000017506_e0000020254.mp4,clean_single_speaker,keep,
OCjAl_U1JMk_s0001193954_e0001198954,L:\FPT\Side project\Capstone\resources\VN-AV-DF-Capstone\data\manifests\dataset_v1\reviews\exports\clips\nguyenlamanh\OCjAl_U1JMk_s0001193954_e0001198954.mp4,clean_single_speaker,keep,
OCjAl_U1JMk_s0001247906_e0001253854,L:\FPT\Side project\Capstone\resources\VN-AV-DF-Capstone\data\manifests\dataset_v1\reviews\exports\clips\nguyenlamanh\OCjAl_U1JMk_s0001247906_e0001253854.mp4,mouth_defect_or_freeze,reject,mouth
gof2bUJhK3Y_s0000581058_e0000583998,L:\FPT\Side project\Capstone\resources\VN-AV-DF-Capstone\data\manifests\dataset_v1\reviews\exports\clips\nguyenlamanh\gof2bUJhK3Y_s0000581058_e0000583998.mp4,mouth_defect_or_freeze,reject,mouth
JEgxmwvo7YY_s0000553698_e0000557022,L:\FPT\Side project\Capstone\resources\VN-AV-DF-Capstone\data\manifests\dataset_v1\reviews\exports\clips\nguyenlamanh\JEgxmwvo7YY_s0000553698_e0000557022.mp4,mouth_defect_or_freeze,reject,mouth
5QPu-wDmeTA_s0000228066_e0000231710,L:\FPT\Side project\Capstone\resources\VN-AV-DF-Capstone\data\manifests\dataset_v1\reviews\exports\clips\nguyenlamanh\5QPu-wDmeTA_s0000228066_e0000231710.mp4,mouth_defect_or_freeze,reject,mouth
0cHIyeLFYOk_s0000858242_e0000860734,L:\FPT\Side project\Capstone\resources\VN-AV-DF-Capstone\data\manifests\dataset_v1\reviews\exports\clips\nguyenlamanh\0cHIyeLFYOk_s0000858242_e0000860734.mp4,mouth_defect_or_freeze,reject,mouth
3lHEAWJhKe8_s0000274850_e0000279850,L:\FPT\Side project\Capstone\resources\VN-AV-DF-Capstone\data\manifests\dataset_v1\reviews\exports\clips\nguyenlamanh\3lHEAWJhKe8_s0000274850_e0000279850.mp4,mouth_defect_or_freeze,reject,mouth
JEgxmwvo7YY_s0000814722_e0000819966,L:\FPT\Side project\Capstone\resources\VN-AV-DF-Capstone\data\manifests\dataset_v1\reviews\exports\clips\nguyenlamanh\JEgxmwvo7YY_s0000814722_e0000819966.mp4,mouth_defect_or_freeze,reject,mouth
71HzPcvxNJM_s0000428802_e0000431454,L:\FPT\Side project\Capstone\resources\VN-AV-DF-Capstone\data\manifests\dataset_v1\reviews\exports\clips\nguyenlamanh\71HzPcvxNJM_s0000428802_e0000431454.mp4,mouth_defect_or_freeze,reject,mouth
2fqXC4RQyOw_s0000124034_e0000128062,L:\FPT\Side project\Capstone\resources\VN-AV-DF-Capstone\data\manifests\dataset_v1\reviews\exports\clips\nguyenlamanh\2fqXC4RQyOw_s0000124034_e0000128062.mp4,mouth_defect_or_freeze,reject,mouth
xo3VtrivRjk_s0000048962_e0000053962,L:\FPT\Side project\Capstone\resources\VN-AV-DF-Capstone\data\manifests\dataset_v1\reviews\exports\clips\nguyenlamanh\xo3VtrivRjk_s0000048962_e0000053962.mp4,mouth_defect_or_freeze,reject,mouth
5CNS_gaH16c_s0000131746_e0000139806,L:\FPT\Side project\Capstone\resources\VN-AV-DF-Capstone\data\manifests\dataset_v1\reviews\exports\clips\nguyenlamanh\5CNS_gaH16c_s0000131746_e0000139806.mp4,mouth_defect_or_freeze,reject,mouth
5QPu-wDmeTA_s0000085282_e0000092350,L:\FPT\Side project\Capstone\resources\VN-AV-DF-Capstone\data\manifests\dataset_v1\reviews\exports\clips\nguyenlamanh\5QPu-wDmeTA_s0000085282_e0000092350.mp4,mouth_defect_or_freeze,reject,mouth
gTTtVb-Q31w_s0000286626_e0000294462,L:\FPT\Side project\Capstone\resources\VN-AV-DF-Capstone\data\manifests\dataset_v1\reviews\exports\clips\nguyenlamanh\gTTtVb-Q31w_s0000286626_e0000294462.mp4,mouth_defect_or_freeze,reject,mouth
gof2bUJhK3Y_s0000431330_e0000434686,L:\FPT\Side project\Capstone\resources\VN-AV-DF-Capstone\data\manifests\dataset_v1\reviews\exports\clips\nguyenlamanh\gof2bUJhK3Y_s0000431330_e0000434686.mp4,mouth_defect_or_freeze,reject,mouth
5CNS_gaH16c_s0000039938_e0000049406,L:\FPT\Side project\Capstone\resources\VN-AV-DF-Capstone\data\manifests\dataset_v1\reviews\exports\clips\nguyenlamanh\5CNS_gaH16c_s0000039938_e0000049406.mp4,mouth_defect_or_freeze,reject,mouth
2fqXC4RQyOw_s0000305090_e0000314942,L:\FPT\Side project\Capstone\resources\VN-AV-DF-Capstone\data\manifests\dataset_v1\reviews\exports\clips\nguyenlamanh\2fqXC4RQyOw_s0000305090_e0000314942.mp4,voiceover_broll,reject,"voiceover, cut"
gTTtVb-Q31w_s0000611010_e0000613374,L:\FPT\Side project\Capstone\resources\VN-AV-DF-Capstone\data\manifests\dataset_v1\reviews\exports\clips\nguyenlamanh\gTTtVb-Q31w_s0000611010_e0000613374.mp4,voiceover_broll,reject,voiceover
OCjAl_U1JMk_s0000842274_e0000844734,L:\FPT\Side project\Capstone\resources\VN-AV-DF-Capstone\data\manifests\dataset_v1\reviews\exports\clips\nguyenlamanh\OCjAl_U1JMk_s0000842274_e0000844734.mp4,voiceover_broll,reject,voiceover
2fqXC4RQyOw_s0000063106_e0000067006,L:\FPT\Side project\Capstone\resources\VN-AV-DF-Capstone\data\manifests\dataset_v1\reviews\exports\clips\nguyenlamanh\2fqXC4RQyOw_s0000063106_e0000067006.mp4,voiceover_broll,reject,voiceover
qy7VoECGCm8_s0000110114_e0000115114,L:\FPT\Side project\Capstone\resources\VN-AV-DF-Capstone\data\manifests\dataset_v1\reviews\exports\clips\nguyenlamanh\qy7VoECGCm8_s0000110114_e0000115114.mp4,voiceover_broll,reject,voiceover
JEgxmwvo7YY_s0000023586_e0000025662,L:\FPT\Side project\Capstone\resources\VN-AV-DF-Capstone\data\manifests\dataset_v1\reviews\exports\clips\nguyenlamanh\JEgxmwvo7YY_s0000023586_e0000025662.mp4,voiceover_broll,reject,"voiceover, wrong_face"
0cHIyeLFYOk_s0000079362_e0000081470,L:\FPT\Side project\Capstone\resources\VN-AV-DF-Capstone\data\manifests\dataset_v1\reviews\exports\clips\nguyenlamanh\0cHIyeLFYOk_s0000079362_e0000081470.mp4,voiceover_broll,reject,"voiceover, cut"
71HzPcvxNJM_s0000275714_e0000278686,L:\FPT\Side project\Capstone\resources\VN-AV-DF-Capstone\data\manifests\dataset_v1\reviews\exports\clips\nguyenlamanh\71HzPcvxNJM_s0000275714_e0000278686.mp4,voiceover_broll,reject,voiceover
JEgxmwvo7YY_s0000218530_e0000223530,L:\FPT\Side project\Capstone\resources\VN-AV-DF-Capstone\data\manifests\dataset_v1\reviews\exports\clips\nguyenlamanh\JEgxmwvo7YY_s0000218530_e0000223530.mp4,voiceover_broll,reject,voiceover
gof2bUJhK3Y_s0000651842_e0000656606,L:\FPT\Side project\Capstone\resources\VN-AV-DF-Capstone\data\manifests\dataset_v1\reviews\exports\clips\nguyenlamanh\gof2bUJhK3Y_s0000651842_e0000656606.mp4,voiceover_broll,reject,voiceover
qy7VoECGCm8_s0000281570_e0000286654,L:\FPT\Side project\Capstone\resources\VN-AV-DF-Capstone\data\manifests\dataset_v1\reviews\exports\clips\nguyenlamanh\qy7VoECGCm8_s0000281570_e0000286654.mp4,voiceover_broll,reject,voiceover
qy7VoECGCm8_s0000126114_e0000131114,L:\FPT\Side project\Capstone\resources\VN-AV-DF-Capstone\data\manifests\dataset_v1\reviews\exports\clips\nguyenlamanh\qy7VoECGCm8_s0000126114_e0000131114.mp4,voiceover_broll,reject,"voiceover, mouth"
5CNS_gaH16c_s0000214594_e0000218974,L:\FPT\Side project\Capstone\resources\VN-AV-DF-Capstone\data\manifests\dataset_v1\reviews\exports\clips\nguyenlamanh\5CNS_gaH16c_s0000214594_e0000218974.mp4,voiceover_broll,reject,"voiceover, wrong_face"
2fqXC4RQyOw_s0000752706_e0000756894,L:\FPT\Side project\Capstone\resources\VN-AV-DF-Capstone\data\manifests\dataset_v1\reviews\exports\clips\nguyenlamanh\2fqXC4RQyOw_s0000752706_e0000756894.mp4,voiceover_broll,reject,"voiceover, cut"
gTTtVb-Q31w_s0000023810_e0000030718,L:\FPT\Side project\Capstone\resources\VN-AV-DF-Capstone\data\manifests\dataset_v1\reviews\exports\clips\nguyenlamanh\gTTtVb-Q31w_s0000023810_e0000030718.mp4,voiceover_broll,reject,voiceover
gof2bUJhK3Y_s0000729442_e0000734014,L:\FPT\Side project\Capstone\resources\VN-AV-DF-Capstone\data\manifests\dataset_v1\reviews\exports\clips\nguyenlamanh\gof2bUJhK3Y_s0000729442_e0000734014.mp4,voiceover_broll,reject,voiceover
gTTtVb-Q31w_s0000012450_e0000015614,L:\FPT\Side project\Capstone\resources\VN-AV-DF-Capstone\data\manifests\dataset_v1\reviews\exports\clips\nguyenlamanh\gTTtVb-Q31w_s0000012450_e0000015614.mp4,voiceover_broll,reject,voiceover
2fqXC4RQyOw_s0000086882_e0000098270,L:\FPT\Side project\Capstone\resources\VN-AV-DF-Capstone\data\manifests\dataset_v1\reviews\exports\clips\nguyenlamanh\2fqXC4RQyOw_s0000086882_e0000098270.mp4,voiceover_broll,reject,voiceover
qy7VoECGCm8_s0000118114_e0000123114,L:\FPT\Side project\Capstone\resources\VN-AV-DF-Capstone\data\manifests\dataset_v1\reviews\exports\clips\nguyenlamanh\qy7VoECGCm8_s0000118114_e0000123114.mp4,voiceover_broll,reject,voiceover
7mvfCSW4SLw_s0000165570_e0000167774,L:\FPT\Side project\Capstone\resources\VN-AV-DF-Capstone\data\manifests\dataset_v1\reviews\exports\clips\nguyenlamanh\7mvfCSW4SLw_s0000165570_e0000167774.mp4,voiceover_broll,reject,"voiceover, cut"
gof2bUJhK3Y_s0000962306_e0000965918,L:\FPT\Side project\Capstone\resources\VN-AV-DF-Capstone\data\manifests\dataset_v1\reviews\exports\clips\nguyenlamanh\gof2bUJhK3Y_s0000962306_e0000965918.mp4,voiceover_broll,reject,voiceover
JEgxmwvo7YY_s0000538786_e0000543786,L:\FPT\Side project\Capstone\resources\VN-AV-DF-Capstone\data\manifests\dataset_v1\reviews\exports\clips\nguyenlamanh\JEgxmwvo7YY_s0000538786_e0000543786.mp4,voiceover_broll,reject,"voiceover, wrong_face"
OCjAl_U1JMk_s0000628354_e0000630654,L:\FPT\Side project\Capstone\resources\VN-AV-DF-Capstone\data\manifests\dataset_v1\reviews\exports\clips\nguyenlamanh\OCjAl_U1JMk_s0000628354_e0000630654.mp4,voiceover_broll,reject,voiceover
OCjAl_U1JMk_s0000332226_e0000335806,L:\FPT\Side project\Capstone\resources\VN-AV-DF-Capstone\data\manifests\dataset_v1\reviews\exports\clips\nguyenlamanh\OCjAl_U1JMk_s0000332226_e0000335806.mp4,voiceover_broll,reject,voiceover
qy7VoECGCm8_s0000375810_e0000386782,L:\FPT\Side project\Capstone\resources\VN-AV-DF-Capstone\data\manifests\dataset_v1\reviews\exports\clips\nguyenlamanh\qy7VoECGCm8_s0000375810_e0000386782.mp4,voiceover_broll,reject,"voiceover, wrong_face"
2fqXC4RQyOw_s0000337122_e0000340478,L:\FPT\Side project\Capstone\resources\VN-AV-DF-Capstone\data\manifests\dataset_v1\reviews\exports\clips\nguyenlamanh\2fqXC4RQyOw_s0000337122_e0000340478.mp4,voiceover_broll,reject,voiceover
gTTtVb-Q31w_s0000079970_e0000084970,L:\FPT\Side project\Capstone\resources\VN-AV-DF-Capstone\data\manifests\dataset_v1\reviews\exports\clips\nguyenlamanh\gTTtVb-Q31w_s0000079970_e0000084970.mp4,voiceover_broll,reject,voiceover
0cHIyeLFYOk_s0000837634_e0000840094,L:\FPT\Side project\Capstone\resources\VN-AV-DF-Capstone\data\manifests\dataset_v1\reviews\exports\clips\nguyenlamanh\0cHIyeLFYOk_s0000837634_e0000840094.mp4,multi_face_competition,reject,wrong_face
Pj0KGAllzfs_s0000012578_e0000022142,L:\FPT\Side project\Capstone\resources\VN-AV-DF-Capstone\data\manifests\dataset_v1\reviews\exports\clips\nguyenlamanh\Pj0KGAllzfs_s0000012578_e0000022142.mp4,multi_face_competition,reject,wrong_face
JEgxmwvo7YY_s0000023586_e0000025662,L:\FPT\Side project\Capstone\resources\VN-AV-DF-Capstone\data\manifests\dataset_v1\reviews\exports\clips\nguyenlamanh\JEgxmwvo7YY_s0000023586_e0000025662.mp4,multi_face_competition,reject,"voiceover, wrong_face"
5CNS_gaH16c_s0000214594_e0000218974,L:\FPT\Side project\Capstone\resources\VN-AV-DF-Capstone\data\manifests\dataset_v1\reviews\exports\clips\nguyenlamanh\5CNS_gaH16c_s0000214594_e0000218974.mp4,multi_face_competition,reject,"voiceover, wrong_face"
JEgxmwvo7YY_s0000538786_e0000543786,L:\FPT\Side project\Capstone\resources\VN-AV-DF-Capstone\data\manifests\dataset_v1\reviews\exports\clips\nguyenlamanh\JEgxmwvo7YY_s0000538786_e0000543786.mp4,multi_face_competition,reject,"voiceover, wrong_face"
qy7VoECGCm8_s0000375810_e0000386782,L:\FPT\Side project\Capstone\resources\VN-AV-DF-Capstone\data\manifests\dataset_v1\reviews\exports\clips\nguyenlamanh\qy7VoECGCm8_s0000375810_e0000386782.mp4,multi_face_competition,reject,"voiceover, wrong_face"
Pj0KGAllzfs_s0000034402_e0000040286,L:\FPT\Side project\Capstone\resources\VN-AV-DF-Capstone\data\manifests\dataset_v1\reviews\exports\clips\nguyenlamanh\Pj0KGAllzfs_s0000034402_e0000040286.mp4,multi_face_competition,reject,wrong_face
